SimulationSecond,ReceiveRate,PacketsReceived,NumberOfSinks,RoutingProtocol,TransmissionPower,WavePktsSent,WavePtksReceived,WavePktsPpr,ExpectedWavePktsReceived,ExpectedWavePktsInCoverageReceived,BSM_PDR1,BSM_PDR2,BSM_PDR3,BSM_PDR4,BSM_PDR5,BSM_PDR6,BSM_PDR7,BSM_PDR8,BSM_PDR9,BSM_PDR10,MacPhyOverhead
0,0,0,10,none,7.5,0,0,0,0,0,0,0,0,0,0,0,0,0,0,0,0
1,0,0,10,none,7.5,0,0,0,0,0,0,0,0,0,0,0,0,0,0,0,1
2,6.144,12,10,none,7.5,400,4321,10.8025,286,263,0.91958,0.901639,0.880365,0.842719,0.814279,0.75625,0.687958,0.687958,0.687958,0.687958,0.671784
3,18.432,36,10,none,7.5,400,4339,10.8475,358,316,0.882682,0.858847,0.842271,0.824262,0.796355,0.749082,0.682769,0.682769,0.682769,0.682769,0.556375
4,17.92,35,10,none,7.5,400,4638,11.595,334,319,0.95509,0.921748,0.910714,0.879827,0.838854,0.79013,0.724828,0.724828,0.724828,0.724828,0.498337
5,18.432,36,10,none,7.5,400,4682,11.705,348,318,0.913793,0.909884,0.886043,0.859119,0.83485,0.791891,0.732009,0.732009,0.732009,0.732009,0.467707
6,16.384,32,10,none,7.5,400,4510,11.275,282,260,0.921986,0.908829,0.874248,0.839063,0.800689,0.759471,0.689355,0.689355,0.689355,0.689355,0.447138
7,16.384,32,10,none,7.5,400,4721,11.8025,262,248,0.946565,0.942857,0.896154,0.868437,0.833476,0.785334,0.71552,0.71552,0.71552,0.71552,0.433219
8,15.36,30,10,none,7.5,400,4805,12.0125,232,217,0.935345,0.911826,0.887688,0.859871,0.84159,0.794024,0.718282,0.718282,0.718282,0.718282,0.423221
9,14.336,28,10,none,7.5,400,4706,11.765,232,206,0.887931,0.867446,0.846009,0.825087,0.804863,0.76749,0.691099,0.691099,0.691099,0.691099,0.4161
10,15.872,31,10,none,7.5,400,4784,11.96,248,226,0.91129,0.885356,0.859954,0.83927,0.81668,0.769139,0.701585,0.701585,0.701585,0.701585,0.411538
11,11.264,22,10,none,7.5,400,4720,11.8,263,251,0.954373,0.904621,0.861587,0.835075,0.80432,0.750251,0.6863,0.6863,0.6863,0.6863,0.408151
12,9.728,19,10,none,7.5,400,4778,11.945,244,225,0.922131,0.90098,0.858845,0.829649,0.802193,0.753585,0.695285,0.695285,0.695285,0.695285,0.405778
13,9.216,18,10,none,7.5,400,4867,12.1675,229,200,0.873362,0.848066,0.827442,0.820534,0.801749,0.761825,0.701327,0.701327,0.701327,0.701327,0.403965
14,8.704,17,10,none,7.5,400,5040,12.6,266,245,0.921053,0.86941,0.854682,0.839469,0.816882,0.780867,0.710419,0.710419,0.710419,0.710419,0.402675
15,8.192,16,10,none,7.5,400,5109,12.7725,247,223,0.902834,0.870792,0.846087,0.832615,0.817105,0.782609,0.713946,0.713946,0.713946,0.713946,0.40156
16,10.752,21,10,none,7.5,400,4013,10.0325,242,204,0.842975,0.760714,0.712975,0.685501,0.653861,0.617725,0.558169,0.558169,0.558169,0.558169,0.45473
17,24.576,48,10,none,7.5,400,4789,11.9725,249,222,0.891566,0.854724,0.811159,0.784976,0.764237,0.724298,0.660547,0.660547,0.660547,0.660547,0.449073
18,18.432,36,10,none,7.5,400,4781,11.9525,322,288,0.89441,0.854244,0.813322,0.779262,0.756107,0.718123,0.658809,0.658809,0.658809,0.658809,0.442864
19,18.432,36,10,none,7.5,400,4797,11.9925,317,280,0.883281,0.842058,0.805471,0.780657,0.757724,0.716823,0.655686,0.655686,0.655686,0.655686,0.437281
20,18.432,36,10,none,7.5,400,4969,12.4225,308,283,0.918831,0.83434,0.810209,0.781837,0.765634,0.727705,0.675003,0.675003,0.675003,0.675003,0.432112
21,18.432,36,10,none,7.5,400,5315,13.2875,312,286,0.916667,0.905009,0.884197,0.845617,0.829862,0.773425,0.708722,0.708722,0.708722,0.708722,0.427404
22,18.432,36,10,none,7.5,400,4999,12.4975,332,302,0.909639,0.862563,0.817366,0.781809,0.754095,0.717223,0.657413,0.657413,0.657413,0.657413,0.423053
23,18.432,36,10,none,7.5,400,5250,13.125,346,321,0.927746,0.865293,0.824783,0.80533,0.778235,0.738713,0.682043,0.682043,0.682043,0.682043,0.418992
24,18.432,36,10,none,7.5,400,5344,13.36,417,380,0.911271,0.89259,0.85229,0.814843,0.783291,0.744855,0.690636,0.690636,0.690636,0.690636,0.415257
25,18.432,36,10,none,7.5,400,5121,12.8025,380,346,0.910526,0.849877,0.809157,0.777693,0.742599,0.708979,0.653974,0.653974,0.653974,0.653974,0.411836
26,18.432,36,10,none,7.5,400,5357,13.3925,355,324,0.912676,0.860778,0.828184,0.801626,0.76705,0.731122,0.675921,0.675921,0.675921,0.675921,0.408631
27,18.432,36,10,none,7.5,400,5288,13.22,343,315,0.918367,0.850365,0.810487,0.775638,0.747249,0.711179,0.658196,0.658196,0.658196,0.658196,0.4056
28,18.432,36,10,none,7.5,400,5271,13.1775,336,318,0.946429,0.86771,0.811079,0.773025,0.745658,0.703224,0.647811,0.647811,0.647811,0.647811,0.402807
29,18.432,36,10,none,7.5,400,5380,13.45,330,299,0.906061,0.839385,0.792587,0.762038,0.743338,0.705496,0.651132,0.651132,0.651132,0.651132,0.40017
30,18.432,36,10,none,7.5,400,5297,13.2425,388,334,0.860825,0.815488,0.769963,0.741493,0.720209,0.691641,0.635109,0.635109,0.635109,0.635109,0.397713
31,7.68,15,10,none,7.5,400,4666,11.665,344,300,0.872093,0.756812,0.693299,0.650874,0.627285,0.600672,0.553262,0.553262,0.553262,0.553262,0.424309
32,26.112,51,10,none,7.5,400,5552,13.88,366,330,0.901639,0.844861,0.803008,0.760302,0.730002,0.704848,0.657305,0.657305,0.657305,0.657305,0.421182
33,20.992,41,10,none,7.5,400,5259,13.1475,440,383,0.870455,0.769487,0.741809,0.70595,0.68304,0.656528,0.606743,0.606743,0.606743,0.606743,0.417659
34,20.48,40,10,none,7.5,400,5548,13.87,462,417,0.902597,0.846764,0.797293,0.756148,0.720219,0.684955,0.633932,0.633932,0.633932,0.633932,0.414314
35,20.48,40,10,none,7.5,400,5742,14.355,456,401,0.879386,0.817722,0.766782,0.735398,0.720139,0.686682,0.648188,0.648188,0.648188,0.648188,0.4111
36,20.48,40,10,none,7.5,400,5830,14.575,426,381,0.894366,0.840768,0.795256,0.758755,0.730267,0.69576,0.653329,0.653329,0.653329,0.653329,0.408068
37,20.48,40,10,none,7.5,400,5700,14.25,394,360,0.913706,0.81457,0.76716,0.73123,0.706829,0.677369,0.636557,0.636557,0.636557,0.636557,0.405253
38,20.48,40,10,none,7.5,400,6300,15.75,400,371,0.9275,0.858432,0.820032,0.791813,0.777418,0.750865,0.702823,0.702823,0.702823,0.702823,0.402642
39,19.968,39,10,none,7.5,400,5811,14.5275,420,366,0.871429,0.821477,0.778775,0.750362,0.725196,0.691146,0.645229,0.645229,0.645229,0.645229,0.400321
40,18.432,36,10,none,7.5,400,5803,14.5075,470,398,0.846809,0.821979,0.774091,0.744372,0.718321,0.685864,0.633792,0.633792,0.633792,0.633792,0.398299
41,16.384,32,10,none,7.5,400,5848,14.62,512,470,0.917969,0.843441,0.779276,0.743668,0.710309,0.679645,0.630285,0.630285,0.630285,0.630285,0.396697
42,15.872,31,10,none,7.5,400,5960,14.9,508,443,0.872047,0.806098,0.760984,0.719334,0.701203,0.68532,0.641197,0.641197,0.641197,0.641197,0.395094
43,15.872,31,10,none,7.5,400,6138,15.345,490,421,0.859184,0.827524,0.781378,0.758536,0.735505,0.704937,0.659927,0.659927,0.659927,0.659927,0.393586
44,14.336,28,10,none,7.5,400,6010,15.025,414,381,0.92029,0.817224,0.766421,0.733266,0.713682,0.687855,0.653119,0.653119,0.653119,0.653119,0.392326
45,15.36,30,10,none,7.5,400,5763,14.4075,362,321,0.88674,0.815043,0.764831,0.732885,0.701562,0.670128,0.631631,0.631631,0.631631,0.631631,0.391067
46,12.288,24,10,none,7.5,400,4943,12.3575,390,320,0.820513,0.730207,0.68136,0.639165,0.614184,0.583533,0.542917,0.542917,0.542917,0.542917,0.409815
47,21.504,42,10,none,7.5,400,5789,14.4725,394,364,0.923858,0.837255,0.788197,0.737973,0.711982,0.685354,0.639377,0.639377,0.639377,0.639377,0.407327
48,18.432,36,10,none,7.5,400,5821,14.5525,414,387,0.934783,0.851452,0.786794,0.746374,0.723931,0.69338,0.645877,0.645877,0.645877,0.645877,0.404796
49,18.432,36,10,none,7.5,400,5629,14.0725,452,406,0.89823,0.827135,0.764954,0.722113,0.701037,0.673538,0.626071,0.626071,0.626071,0.626071,0.40235
50,18.432,36,10,none,7.5,400,5812,14.53,452,400,0.884956,0.828305,0.77508,0.745458,0.732417,0.697001,0.653396,0.653396,0.653396,0.653396,0.40015
51,14.848,29,10,none,7.5,400,5859,14.6475,462,412,0.891775,0.852962,0.792385,0.7568,0.737149,0.702969,0.664059,0.664059,0.664059,0.664059,0.398307
52,14.336,28,10,none,7.5,400,5984,14.96,468,426,0.910256,0.87294,0.823312,0.7749,0.756531,0.717486,0.674791,0.674791,0.674791,0.674791,0.396634
53,14.336,28,10,none,7.5,400,5852,14.63,503,473,0.940358,0.871901,0.804886,0.762618,0.738779,0.708084,0.658822,0.658822,0.658822,0.658822,0.394996
54,14.336,28,10,none,7.5,400,5495,13.7375,561,463,0.825312,0.797797,0.757857,0.709148,0.694588,0.668571,0.616334,0.616334,0.616334,0.616334,0.393389
55,14.336,28,10,none,7.5,400,5893,14.7325,584,520,0.890411,0.836056,0.809111,0.774801,0.750768,0.721097,0.658142,0.658142,0.658142,0.658142,0.391855
56,14.336,28,10,none,7.5,400,5522,13.805,647,554,0.85626,0.793163,0.764032,0.726986,0.705376,0.674805,0.614152,0.614152,0.614152,0.614152,0.390359
57,14.336,28,10,none,7.5,400,5911,14.7775,582,516,0.886598,0.840936,0.803127,0.770302,0.75,0.723024,0.663634,0.663634,0.663634,0.663634,0.38894
58,14.336,28,10,none,7.5,400,5665,14.1625,568,494,0.869718,0.851628,0.804135,0.765095,0.732219,0.695362,0.644908,0.644908,0.644908,0.644908,0.387565
59,14.336,28,10,none,7.5,400,5532,13.83,574,508,0.885017,0.834143,0.794954,0.751995,0.71633,0.683663,0.635925,0.635925,0.635925,0.635925,0.386233
60,14.336,28,10,none,7.5,400,5576,13.94,539,493,0.914657,0.850187,0.798387,0.760239,0.72816,0.696747,0.648325,0.648325,0.648325,0.648325,0.384919
61,16.384,32,10,none,7.5,400,4836,12.09,570,467,0.819298,0.738442,0.700834,0.66528,0.63501,0.612298,0.567771,0.567771,0.567771,0.567771,0.398895
62,19.456,38,10,none,7.5,400,5421,13.5525,558,491,0.879928,0.843671,0.801389,0.767168,0.736672,0.693364,0.642366,0.642366,0.642366,0.642366,0.397371
63,19.968,39,10,none,7.5,400,5238,13.095,532,469,0.881579,0.82073,0.776003,0.73915,0.712504,0.673405,0.626107,0.626107,0.626107,0.626107,0.395976
64,17.92,35,10,none,7.5,400,5602,14.005,508,459,0.903543,0.881258,0.834004,0.790267,0.75941,0.719774,0.676983,0.676983,0.676983,0.676983,0.394795
65,17.92,35,10,none,7.5,400,5294,13.235,510,463,0.907843,0.820737,0.779216,0.74373,0.72264,0.687709,0.639362,0.639362,0.639362,0.639362,0.393638
66,16.896,33,10,none,7.5,400,5547,13.8675,499,445,0.891784,0.836627,0.812183,0.777351,0.757221,0.723413,0.672447,0.672447,0.672447,0.672447,0.392643
67,14.336,28,10,none,7.5,400,5469,13.6725,510,458,0.898039,0.840382,0.79808,0.774113,0.752624,0.718242,0.666504,0.666504,0.666504,0.666504,0.391805
68,12.288,24,10,none,7.5,400,5639,14.0975,494,440,0.890688,0.850217,0.826102,0.802145,0.782285,0.741917,0.6954,0.6954,0.6954,0.6954,0.39105
69,12.288,24,10,none,7.5,400,5493,13.7325,490,432,0.881633,0.842857,0.815835,0.789426,0.762748,0.729567,0.677646,0.677646,0.677646,0.677646,0.390325
70,12.288,24,10,none,7.5,400,5342,13.355,488,450,0.922131,0.858832,0.825139,0.785309,0.755185,0.716401,0.663767,0.663767,0.663767,0.663767,0.389643
71,12.288,24,10,none,7.5,400,5438,13.595,455,409,0.898901,0.855994,0.825436,0.79589,0.768119,0.73526,0.680225,0.680225,0.680225,0.680225,0.388964
72,12.288,24,10,none,7.5,400,5405,13.5125,424,383,0.903302,0.848276,0.819328,0.786802,0.769493,0.733226,0.682714,0.682714,0.682714,0.682714,0.38831
73,12.288,24,10,none,7.5,400,5599,13.9975,460,412,0.895652,0.864682,0.837819,0.817237,0.796203,0.766213,0.714577,0.714577,0.714577,0.714577,0.387665
74,12.288,24,10,none,7.5,400,5432,13.58,488,435,0.891393,0.855657,0.823651,0.802515,0.779747,0.747288,0.69915,0.69915,0.69915,0.69915,0.38706
75,12.288,24,10,none,7.5,400,5351,13.3775,532,488,0.917293,0.861557,0.815976,0.790905,0.771056,0.743361,0.695217,0.695217,0.695217,0.695217,0.386495
76,15.36,30,10,none,7.5,400,4522,11.305,624,504,0.807692,0.755821,0.713655,0.690465,0.668137,0.636459,0.59035,0.59035,0.59035,0.59035,0.397655
77,21.504,42,10,none,7.5,400,5278,13.195,645,582,0.902326,0.876623,0.820495,0.785548,0.766719,0.744096,0.690445,0.690445,0.690445,0.690445,0.396762
78,19.968,39,10,none,7.5,400,5184,12.96,564,507,0.898936,0.849265,0.814296,0.790553,0.764849,0.733886,0.684816,0.684816,0.684816,0.684816,0.395675
79,17.92,35,10,none,7.5,400,5393,13.4825,583,520,0.891938,0.853409,0.830656,0.812429,0.789319,0.766621,0.716698,0.716698,0.716698,0.716698,0.394752
80,17.408,34,10,none,7.5,400,5042,12.605,602,526,0.873754,0.815819,0.787814,0.775705,0.751973,0.725318,0.671195,0.671195,0.671195,0.671195,0.393811
81,16.384,32,10,none,7.5,400,5159,12.8975,578,480,0.83045,0.819627,0.813438,0.799244,0.769809,0.741214,0.698213,0.698213,0.698213,0.698213,0.392917
82,16.384,32,10,none,7.5,400,5159,12.8975,596,521,0.874161,0.827471,0.807284,0.791744,0.768569,0.744488,0.699403,0.699403,0.699403,0.699403,0.392078
83,16.384,32,10,none,7.5,400,5171,12.9275,613,551,0.898858,0.83764,0.8217,0.798068,0.776143,0.74871,0.704496,0.704496,0.704496,0.704496,0.39125
84,16.384,32,10,none,7.5,400,5055,12.6375,578,500,0.865052,0.829308,0.808844,0.78098,0.758466,0.73247,0.687619,0.687619,0.687619,0.687619,0.39051
85,16.384,32,10,none,7.5,400,5024,12.56,593,517,0.871838,0.846667,0.811624,0.77907,0.748261,0.725713,0.682566,0.682566,0.682566,0.682566,0.389792
86,15.36,30,10,none,7.5,400,5371,13.4275,538,474,0.881041,0.847206,0.830661,0.813428,0.793752,0.772494,0.727433,0.727433,0.727433,0.727433,0.389135
87,14.336,28,10,none,7.5,400,5397,13.4925,494,448,0.906883,0.856298,0.826316,0.811287,0.796924,0.771219,0.725306,0.725306,0.725306,0.725306,0.388512
88,14.336,28,10,none,7.5,400,5065,12.6625,434,387,0.891705,0.822249,0.790349,0.765145,0.747301,0.71929,0.679185,0.679185,0.679185,0.679185,0.387901
89,14.336,28,10,none,7.5,400,5371,13.4275,414,376,0.908213,0.855676,0.827302,0.807608,0.793774,0.758719,0.707751,0.707751,0.707751,0.707751,0.387303
90,14.336,28,10,none,7.5,400,5129,12.8225,372,343,0.922043,0.827131,0.797529,0.773804,0.757431,0.725212,0.674783,0.674783,0.674783,0.674783,0.386737
91,17.92,35,10,none,7.5,400,4376,10.94,367,301,0.820163,0.726343,0.677564,0.65445,0.63705,0.612055,0.575487,0.575487,0.575487,0.575487,0.396476
92,21.504,42,10,none,7.5,400,5082,12.705,376,337,0.896277,0.807593,0.7706,0.753891,0.735829,0.707585,0.663273,0.663273,0.663273,0.663273,0.395543
93,18.944,37,10,none,7.5,400,5434,13.585,396,361,0.911616,0.856079,0.816973,0.795749,0.77978,0.750811,0.710884,0.710884,0.710884,0.710884,0.394601
94,18.432,36,10,none,7.5,400,5302,13.255,447,413,0.923937,0.861529,0.814974,0.790608,0.764133,0.727273,0.690055,0.690055,0.690055,0.690055,0.393694
95,18.432,36,10,none,7.5,400,5271,13.1775,404,364,0.90099,0.826886,0.797101,0.773585,0.756935,0.721642,0.681184,0.681184,0.681184,0.681184,0.392803
96,18.432,36,10,none,7.5,400,5243,13.1075,474,426,0.898734,0.841527,0.800264,0.781294,0.757668,0.713649,0.672741,0.672741,0.672741,0.672741,0.391916
97,18.432,36,10,none,7.5,400,5289,13.2225,470,408,0.868085,0.823138,0.784848,0.768789,0.751942,0.716767,0.674962,0.674962,0.674962,0.674962,0.391051
98,18.432,36,10,none,7.5,400,5058,12.645,442,391,0.884615,0.811333,0.76618,0.745246,0.720291,0.686885,0.641715,0.641715,0.641715,0.641715,0.390202
99,18.432,36,10,none,7.5,400,5569,13.9225,370,344,0.92973,0.871438,0.8385,0.819842,0.79163,0.756508,0.705041,0.705041,0.705041,0.705041,0.389362
100,18.432,36,10,none,7.5,400,5485,13.7125,303,285,0.940594,0.884783,0.853869,0.823968,0.787645,0.74626,0.694177,0.694177,0.694177,0.694177,0.388536
101,18.432,36,10,none,7.5,400,5511,13.7775,272,257,0.944853,0.862257,0.83283,0.811857,0.786471,0.750989,0.700763,0.700763,0.700763,0.700763,0.387725
102,18.432,36,10,none,7.5,400,4799,11.9975,292,262,0.89726,0.796139,0.755854,0.721436,0.69602,0.659456,0.620088,0.620088,0.620088,0.620088,0.386934
103,18.432,36,10,none,7.5,400,5482,13.705,310,295,0.951613,0.896242,0.861448,0.827914,0.794075,0.750073,0.709002,0.709002,0.709002,0.709002,0.386162
104,18.432,36,10,none,7.5,400,5123,12.8075,322,296,0.919255,0.853971,0.797222,0.768694,0.740406,0.698387,0.662138,0.662138,0.662138,0.662138,0.385432
105,17.92,35,10,none,7.5,400,5009,12.5225,304,270,0.888158,0.819859,0.781596,0.758105,0.719198,0.685314,0.643702,0.643702,0.643702,0.643702,0.384786
106,16.896,33,10,none,7.5,400,4606,11.515,310,271,0.874194,0.776091,0.724233,0.712308,0.676185,0.637781,0.590408,0.590408,0.590408,0.590408,0.392952
107,16.384,32,10,none,7.5,400,5287,13.2175,323,286,0.885449,0.859615,0.803571,0.781346,0.758327,0.727702,0.6773,0.6773,0.6773,0.6773,0.39211
108,16.384,32,10,none,7.5,400,5190,12.975,300,278,0.926667,0.849953,0.81375,0.782176,0.754392,0.7224,0.666881,0.666881,0.666881,0.666881,0.391264
109,16.384,32,10,none,7.5,400,5331,13.3275,312,284,0.910256,0.886194,0.841799,0.80799,0.782349,0.737337,0.682109,0.682109,0.682109,0.682109,0.390426
110,16.384,32,10,none,7.5,400,4931,12.3275,252,234,0.928571,0.818095,0.779118,0.751815,0.723943,0.683278,0.633839,0.633839,0.633839,0.633839,0.389614
111,16.384,32,10,none,7.5,400,5106,12.765,222,202,0.90991,0.835907,0.802005,0.77824,0.75523,0.709586,0.653728,0.653728,0.653728,0.653728,0.388811
112,16.384,32,10,none,7.5,400,5154,12.885,232,213,0.918103,0.851711,0.80916,0.785605,0.760127,0.718905,0.661999,0.661999,0.661999,0.661999,0.388014
113,16.384,32,10,none,7.5,400,5323,13.3075,262,250,0.954198,0.883721,0.839369,0.811531,0.788777,0.745947,0.680399,0.680399,0.680399,0.680399,0.387256
114,16.384,32,10,none,7.5,400,5257,13.1425,292,266,0.910959,0.868467,0.825606,0.789583,0.765683,0.735465,0.672509,0.672509,0.672509,0.672509,0.386509
115,16.384,32,10,none,7.5,400,5318,13.295,272,257,0.944853,0.857782,0.840759,0.811311,0.787277,0.74457,0.678498,0.678498,0.678498,0.678498,0.385789
116,16.384,32,10,none,7.5,400,5285,13.2125,278,266,0.956835,0.897459,0.846658,0.804835,0.779896,0.742848,0.673514,0.673514,0.673514,0.673514,0.385105
117,15.36,30,10,none,7.5,400,5182,12.955,236,215,0.911017,0.871148,0.828806,0.790481,0.764144,0.726954,0.661093,0.661093,0.661093,0.661093,0.384434
118,14.336,28,10,none,7.5,400,5218,13.045,222,205,0.923423,0.848485,0.816957,0.782901,0.758865,0.727162,0.663233,0.663233,0.663233,0.663233,0.383837
119,12.288,24,10,none,7.5,400,5282,13.205,210,189,0.9,0.859867,0.809669,0.784864,0.765625,0.729815,0.671585,0.671585,0.671585,0.671585,0.383331
120,12.288,24,10,none,7.5,400,5132,12.83,212,192,0.90566,0.835907,0.778979,0.751057,0.740133,0.703549,0.653298,0.653298,0.653298,0.653298,0.382828
121,13.824,27,10,none,7.5,400,4335,10.8375,204,168,0.823529,0.750711,0.686383,0.660697,0.635453,0.597288,0.55449,0.55449,0.55449,0.55449,0.390342
122,20.48,40,10,none,7.5,400,5462,13.655,176,159,0.903409,0.882771,0.842954,0.814769,0.78321,0.751423,0.695347,0.695347,0.695347,0.695347,0.389639
123,18.432,36,10,none,7.5,400,5498,13.745,154,143,0.928571,0.886678,0.84743,0.816066,0.797019,0.762699,0.704939,0.704939,0.704939,0.704939,0.388898
124,16.896,33,10,none,7.5,400,5054,12.635,162,150,0.925926,0.842251,0.786699,0.762195,0.737171,0.701998,0.651703,0.651703,0.651703,0.651703,0.388202
125,16.384,32,10,none,7.5,400,5370,13.425,161,150,0.931677,0.851607,0.8172,0.797548,0.777453,0.745325,0.692913,0.692913,0.692913,0.692913,0.387534
126,16.384,32,10,none,7.5,400,5190,12.975,172,163,0.947674,0.859129,0.826297,0.792188,0.766193,0.723747,0.66611,0.66611,0.66611,0.66611,0.386884
127,16.384,32,10,none,7.5,400,5051,12.6275,162,153,0.944444,0.858059,0.790361,0.768699,0.73604,0.699108,0.648805,0.648805,0.648805,0.648805,0.386244
128,16.384,32,10,none,7.5,400,5342,13.355,178,169,0.949438,0.878378,0.843802,0.804966,0.777859,0.739169,0.688605,0.688605,0.688605,0.688605,0.385598
129,16.384,32,10,none,7.5,400,4967,12.4175,198,176,0.888889,0.8473,0.790593,0.759197,0.726221,0.691509,0.641897,0.641897,0.641897,0.641897,0.384976
130,16.384,32,10,none,7.5,400,4969,12.4225,190,173,0.910526,0.84381,0.778617,0.750064,0.728342,0.693732,0.639727,0.639727,0.639727,0.639727,0.384348
131,16.384,32,10,none,7.5,400,5249,13.1225,236,224,0.949153,0.902804,0.855148,0.822297,0.793764,0.745342,0.67616,0.67616,0.67616,0.67616,0.383741
132,14.848,29,10,none,7.5,400,5124,12.81,292,268,0.917808,0.894153,0.846431,0.814397,0.782477,0.741711,0.658145,0.658145,0.658145,0.658145,0.383214
133,14.336,28,10,none,7.5,400,5227,13.0675,326,301,0.923313,0.900099,0.851544,0.82183,0.791794,0.750659,0.680876,0.680876,0.680876,0.680876,0.382719
134,14.336,28,10,none,7.5,400,4909,12.2725,361,317,0.878116,0.845098,0.802662,0.771536,0.73994,0.708606,0.652532,0.652532,0.652532,0.652532,0.382241
135,14.336,28,10,none,7.5,400,4812,12.03,320,285,0.890625,0.794872,0.77502,0.749195,0.721399,0.691057,0.64366,0.64366,0.64366,0.64366,0.38176
136,17.408,34,10,none,7.5,400,4113,10.2825,288,241,0.836806,0.771993,0.715815,0.669761,0.643749,0.599462,0.554477,0.554477,0.554477,0.554477,0.388937
137,18.432,36,10,none,7.5,400,4896,12.24,246,226,0.918699,0.85097,0.829299,0.792548,0.764056,0.717252,0.663999,0.663999,0.663999,0.663999,0.388192
138,18.432,36,10,none,7.5,400,5146,12.865,240,231,0.9625,0.890971,0.848434,0.820391,0.801883,0.754783,0.700777,0.700777,0.700777,0.700777,0.387447
139,18.432,36,10,none,7.5,400,4988,12.47,212,195,0.919811,0.861207,0.834866,0.807139,0.782149,0.735798,0.67315,0.67315,0.67315,0.67315,0.386716
140,18.432,36,10,none,7.5,400,4994,12.485,172,166,0.965116,0.878448,0.828618,0.803591,0.777265,0.738217,0.67766,0.67766,0.67766,0.67766,0.386001
141,18.432,36,10,none,7.5,400,4853,12.1325,222,203,0.914414,0.869377,0.822352,0.784995,0.761705,0.718805,0.662254,0.662254,0.662254,0.662254,0.385289
142,18.432,36,10,none,7.5,400,4711,11.7775,276,239,0.865942,0.835432,0.8059,0.776864,0.745257,0.70784,0.644667,0.644667,0.644667,0.644667,0.384595
143,17.92,35,10,none,7.5,400,4724,11.81,270,244,0.903704,0.855072,0.807593,0.772338,0.750398,0.713782,0.651352,0.651352,0.651352,0.651352,0.383962
144,14.848,29,10,none,7.5,400,4770,11.925,258,243,0.94186,0.864528,0.830763,0.795577,0.772838,0.72192,0.664484,0.664484,0.664484,0.664484,0.383422
145,14.336,28,10,none,7.5,400,4805,12.0125,286,267,0.933566,0.862039,0.828925,0.805617,0.776358,0.728168,0.662712,0.662712,0.662712,0.662712,0.38293
146,14.336,28,10,none,7.5,400,4953,12.3825,308,285,0.925325,0.880952,0.851542,0.819704,0.793341,0.748617,0.681574,0.681574,0.681574,0.681574,0.382481
147,14.336,28,10,none,7.5,400,4758,11.895,338,318,0.940828,0.847386,0.822124,0.799945,0.76773,0.721608,0.658682,0.658682,0.658682,0.658682,0.38202
148,13.824,27,10,none,7.5,400,5208,13.02,326,308,0.944785,0.899657,0.875108,0.851088,0.829025,0.785315,0.727705,0.727705,0.727705,0.727705,0.381577
149,12.8,25,10,none,7.5,400,5148,12.87,346,331,0.956647,0.903141,0.878378,0.85382,0.828297,0.783828,0.718715,0.718715,0.718715,0.718715,0.381177
150,12.288,24,10,none,7.5,400,4905,12.2625,312,292,0.935897,0.879374,0.837635,0.822792,0.792441,0.755397,0.677633,0.677633,0.677633,0.677633,0.380769
151,16.896,33,10,none,7.5,400,4175,10.4375,280,243,0.867857,0.800797,0.755764,0.729813,0.686846,0.645332,0.57618,0.57618,0.57618,0.57618,0.387172
152,19.456,38,10,none,7.5,400,4928,12.32,306,289,0.944444,0.894231,0.859301,0.83274,0.80931,0.763787,0.689863,0.689863,0.689863,0.689863,0.386702
153,16.896,33,10,none,7.5,400,4859,12.1475,274,266,0.970803,0.90859,0.860822,0.823384,0.795989,0.752092,0.687712,0.687712,0.687712,0.687712,0.38629
154,16.384,32,10,none,7.5,400,4566,11.415,296,275,0.929054,0.87744,0.811895,0.777747,0.756247,0.714069,0.645321,0.645321,0.645321,0.645321,0.385882
155,16.384,32,10,none,7.5,400,4775,11.9375,286,260,0.909091,0.888655,0.837595,0.80339,0.783823,0.745849,0.680251,0.680251,0.680251,0.680251,0.385478
156,15.872,31,10,none,7.5,400,4618,11.545,300,279,0.93,0.864108,0.809546,0.789226,0.768048,0.730078,0.656615,0.656615,0.656615,0.656615,0.385132
157,15.872,31,10,none,7.5,400,4572,11.43,259,235,0.907336,0.86378,0.806389,0.789318,0.765799,0.72911,0.652994,0.652994,0.652994,0.652994,0.384809
158,14.336,28,10,none,7.5,400,4878,12.195,244,236,0.967213,0.915074,0.87663,0.846817,0.818734,0.772331,0.690422,0.690422,0.690422,0.690422,0.384503
159,14.336,28,10,none,7.5,400,4691,11.7275,252,232,0.920635,0.896875,0.85729,0.829545,0.794124,0.743326,0.667901,0.667901,0.667901,0.667901,0.384205
160,14.336,28,10,none,7.5,400,4429,11.0725,280,250,0.892857,0.855263,0.813857,0.789604,0.760069,0.702804,0.630268,0.630268,0.630268,0.630268,0.38391
161,14.336,28,10,none,7.5,400,4673,11.6825,326,312,0.957055,0.923387,0.864058,0.838316,0.80634,0.754365,0.666619,0.666619,0.666619,0.666619,0.383633
162,13.312,26,10,none,7.5,400,4623,11.5575,336,307,0.91369,0.87247,0.841996,0.824745,0.79938,0.742147,0.666667,0.666667,0.666667,0.666667,0.383399
163,14.336,28,10,none,7.5,400,4740,11.85,304,291,0.957237,0.913442,0.85994,0.847799,0.822168,0.75947,0.685475,0.685475,0.685475,0.685475,0.383168
164,13.312,26,10,none,7.5,400,4844,12.11,332,311,0.936747,0.895954,0.865829,0.844346,0.823093,0.762788,0.697179,0.697179,0.697179,0.697179,0.382961
165,12.288,24,10,none,7.5,400,4904,12.26,351,335,0.954416,0.915534,0.878955,0.858048,0.828702,0.777356,0.709117,0.709117,0.709117,0.709117,0.382767
166,16.896,33,10,none,7.5,400,3996,9.99,336,292,0.869048,0.814741,0.745754,0.717076,0.687595,0.639547,0.573335,0.573335,0.573335,0.573335,0.388187
167,22.016,43,10,none,7.5,400,4891,12.2275,334,318,0.952096,0.90332,0.86523,0.841688,0.820579,0.772913,0.699885,0.699885,0.699885,0.699885,0.387738
168,19.968,39,10,none,7.5,400,4539,11.3475,311,287,0.92283,0.892996,0.834961,0.804741,0.771194,0.723489,0.648656,0.648656,0.648656,0.648656,0.387243
169,18.944,37,10,none,7.5,400,4624,11.56,314,275,0.875796,0.852031,0.819034,0.802847,0.781968,0.738605,0.661558,0.661558,0.661558,0.661558,0.386772
170,18.944,37,10,none,7.5,400,4724,11.81,268,253,0.94403,0.906977,0.855065,0.825767,0.80725,0.752803,0.672937,0.672937,0.672937,0.672937,0.386327
171,18.432,36,10,none,7.5,400,4594,11.485,261,241,0.923372,0.897727,0.836142,0.814294,0.786328,0.728272,0.652316,0.652316,0.652316,0.652316,0.385882
172,18.432,36,10,none,7.5,400,4738,11.845,238,218,0.915966,0.864948,0.825234,0.811786,0.794948,0.740349,0.67125,0.67125,0.67125,0.67125,0.385435
173,18.432,36,10,none,7.5,400,4872,12.18,236,217,0.919492,0.889881,0.862925,0.839296,0.816036,0.756992,0.691761,0.691761,0.691761,0.691761,0.384996
174,18.432,36,10,none,7.5,400,4815,12.0375,240,230,0.958333,0.893411,0.846752,0.820426,0.802404,0.747126,0.680328,0.680328,0.680328,0.680328,0.384564
175,18.432,36,10,none,7.5,400,4815,12.0375,270,259,0.959259,0.901354,0.83842,0.814072,0.789265,0.742406,0.678269,0.678269,0.678269,0.678269,0.38413
176,18.432,36,10,none,7.5,400,4793,11.9825,258,231,0.895349,0.865269,0.817008,0.795505,0.777619,0.731699,0.667643,0.667643,0.667643,0.667643,0.383701
177,18.432,36,10,none,7.5,400,4761,11.9025,246,221,0.898374,0.868342,0.814387,0.793379,0.777892,0.726974,0.65764,0.65764,0.65764,0.65764,0.383279
178,18.432,36,10,none,7.5,400,4814,12.035,258,234,0.906977,0.847305,0.820557,0.80624,0.782787,0.735054,0.664182,0.664182,0.664182,0.664182,0.382871
179,18.432,36,10,none,7.5,400,4870,12.175,224,213,0.950893,0.880435,0.828739,0.804837,0.781719,0.735075,0.665391,0.665391,0.665391,0.665391,0.382464
180,18.432,36,10,none,7.5,400,4952,12.38,252,234,0.928571,0.887017,0.83995,0.818681,0.795845,0.746163,0.674339,0.674339,0.674339,0.674339,0.382065
181,18.432,36,10,none,7.5,400,3962,9.905,260,217,0.834615,0.755792,0.694303,0.668441,0.640985,0.598669,0.541439,0.541439,0.541439,0.541439,0.38728
182,20.992,41,10,none,7.5,400,4980,12.45,194,180,0.927835,0.86055,0.825902,0.808183,0.787986,0.743313,0.678664,0.678664,0.678664,0.678664,0.386789
183,20.48,40,10,none,7.5,400,4967,12.4175,172,160,0.930233,0.841682,0.802423,0.790348,0.777953,0.736707,0.677957,0.677957,0.677957,0.677957,0.386275
184,20.48,40,10,none,7.5,400,5086,12.715,196,174,0.887755,0.844523,0.827176,0.809351,0.796252,0.759313,0.698832,0.698832,0.698832,0.698832,0.385773
185,20.48,40,10,none,7.5,400,4912,12.28,246,221,0.898374,0.86532,0.828711,0.801756,0.782498,0.735702,0.675936,0.675936,0.675936,0.675936,0.385271
186,20.48,40,10,none,7.5,400,4939,12.3475,278,254,0.913669,0.852,0.813306,0.791667,0.776285,0.735819,0.670697,0.670697,0.670697,0.670697,0.384781
187,20.48,40,10,none,7.5,400,4745,11.8625,286,260,0.909091,0.823899,0.790349,0.767092,0.74016,0.705161,0.636889,0.636889,0.636889,0.636889,0.384286
188,20.48,40,10,none,7.5,400,4771,11.9275,273,250,0.915751,0.845327,0.792314,0.768318,0.735949,0.703175,0.641033,0.641033,0.641033,0.641033,0.383805
189,20.48,40,10,none,7.5,400,5087,12.7175,278,244,0.877698,0.860288,0.829527,0.811301,0.784314,0.748019,0.679364,0.679364,0.679364,0.679364,0.383332
190,19.968,39,10,none,7.5,400,4943,12.3575,268,256,0.955224,0.871728,0.821108,0.782777,0.755488,0.720875,0.655172,0.655172,0.655172,0.655172,0.382884
191,18.944,37,10,none,7.5,400,5238,13.095,270,250,0.925926,0.882625,0.84219,0.816992,0.794326,0.759956,0.695433,0.695433,0.695433,0.695433,0.382496
192,16.384,32,10,none,7.5,400,5058,12.645,264,234,0.886364,0.866426,0.822568,0.794364,0.772483,0.730531,0.664738,0.664738,0.664738,0.664738,0.382171
193,16.384,32,10,none,7.5,400,4944,12.36,278,255,0.917266,0.872014,0.822078,0.77602,0.749953,0.705828,0.64517,0.64517,0.64517,0.64517,0.381871
194,16.384,32,10,none,7.5,400,5175,12.9375,280,261,0.932143,0.870567,0.830101,0.803738,0.778897,0.732887,0.674049,0.674049,0.674049,0.674049,0.381549
195,16.384,32,10,none,7.5,400,5067,12.6675,294,264,0.897959,0.861395,0.816052,0.782641,0.760153,0.714416,0.657792,0.657792,0.657792,0.657792,0.381253
196,15.36,30,10,none,7.5,400,4559,11.3975,252,215,0.853175,0.777686,0.743074,0.715354,0.693828,0.641923,0.592487,0.592487,0.592487,0.592487,0.386263
197,15.36,30,10,none,7.5,400,5272,13.18,240,221,0.920833,0.840391,0.813394,0.786861,0.771042,0.734865,0.680879,0.680879,0.680879,0.680879,0.385872
198,14.336,28,10,none,7.5,400,5196,12.99,324,300,0.925926,0.86413,0.826104,0.797443,0.770453,0.729043,0.669286,0.669286,0.669286,0.669286,0.385459
199,14.336,28,10,none,7.5,400,5250,13.125,340,312,0.917647,0.851708,0.814093,0.79081,0.770058,0.734969,0.671016,0.671016,0.671016,0.671016,0.385052
200,14.336,28,10,none,7.5,400,5366,13.415,326,302,0.92638,0.870892,0.826005,0.792835,0.771679,0.738687,0.689057,0.689057,0.689057,0.689057,0.384651
201,14.336,28,10,none,7.5,400,5251,13.1275,338,309,0.914201,0.852833,0.804427,0.780048,0.757321,0.716516,0.665062,0.665062,0.665062,0.665062,0.384256
202,14.336,28,10,none,7.5,400,5211,13.0275,348,310,0.890805,0.813559,0.791847,0.771921,0.752336,0.708815,0.660117,0.660117,0.660117,0.660117,0.383885
203,13.824,27,10,none,7.5,400,5038,12.595,323,290,0.897833,0.82572,0.779443,0.748811,0.721386,0.68064,0.636662,0.636662,0.636662,0.636662,0.383519
204,12.8,25,10,none,7.5,400,5408,13.52,348,316,0.908046,0.853675,0.812413,0.788547,0.760497,0.723539,0.677193,0.677193,0.677193,0.677193,0.383206
205,12.288,24,10,none,7.5,400,5107,12.7675,350,296,0.845714,0.790616,0.756259,0.73468,0.712914,0.680365,0.633073,0.633073,0.633073,0.633073,0.382907
206,12.288,24,10,none,7.5,400,5360,13.4,308,274,0.88961,0.813725,0.788742,0.766528,0.745489,0.707928,0.661155,0.661155,0.661155,0.661155,0.382601
207,11.776,23,10,none,7.5,400,5301,13.2525,308,292,0.948052,0.813278,0.769443,0.759293,0.731098,0.697008,0.652624,0.652624,0.652624,0.652624,0.382324
208,11.776,23,10,none,7.5,400,4973,12.4325,270,237,0.877778,0.757275,0.725981,0.717085,0.691261,0.653107,0.614842,0.614842,0.614842,0.614842,0.382058
209,11.264,22,10,none,7.5,400,5621,14.0525,254,245,0.964567,0.854588,0.818182,0.800966,0.77374,0.734228,0.694218,0.694218,0.694218,0.694218,0.381817
210,11.776,23,10,none,7.5,400,5343,13.3575,314,279,0.888535,0.813863,0.773782,0.755798,0.73339,0.700222,0.66163,0.66163,0.66163,0.66163,0.381581
211,13.312,26,10,none,7.5,400,4869,12.1725,366,309,0.844262,0.781226,0.724149,0.708538,0.677662,0.638954,0.601854,0.601854,0.601854,0.601854,0.386421
212,18.432,36,10,none,7.5,400,5489,13.7225,396,362,0.914141,0.840804,0.7935,0.775605,0.751662,0.722703,0.674865,0.674865,0.674865,0.674865,0.3861
213,18.432,36,10,none,7.5,400,5363,13.4075,392,360,0.918367,0.848872,0.801482,0.78045,0.747176,0.711989,0.660143,0.660143,0.660143,0.660143,0.385739
214,16.384,32,10,none,7.5,400,5242,13.105,392,353,0.90051,0.83815,0.779689,0.751898,0.724476,0.688152,0.639326,0.639326,0.639326,0.639326,0.385396
215,16.384,32,10,none,7.5,400,5223,13.0575,372,335,0.900538,0.777626,0.739379,0.734743,0.717523,0.68219,0.630968,0.630968,0.630968,0.630968,0.385054
216,16.384,32,10,none,7.5,400,5474,13.685,368,347,0.942935,0.838169,0.79384,0.777049,0.752439,0.713526,0.659474,0.659474,0.659474,0.659474,0.38472
217,16.384,32,10,none,7.5,400,5187,12.9675,342,317,0.926901,0.798257,0.770321,0.744341,0.719817,0.680509,0.627938,0.627938,0.627938,0.627938,0.384384
218,16.384,32,10,none,7.5,400,5601,14.0025,360,323,0.897222,0.81749,0.790846,0.780435,0.763578,0.732377,0.679568,0.679568,0.679568,0.679568,0.384047
219,16.384,32,10,none,7.5,400,5449,13.6225,340,300,0.882353,0.826752,0.79326,0.772557,0.751139,0.712713,0.662129,0.662129,0.662129,0.662129,0.383725
220,15.872,31,10,none,7.5,400,5704,14.26,323,297,0.919505,0.873852,0.839739,0.814248,0.788889,0.745744,0.697552,0.697552,0.697552,0.697552,0.383404
221,16.384,32,10,none,7.5,400,5456,13.64,364,326,0.895604,0.841869,0.80739,0.777482,0.752474,0.715892,0.667851,0.667851,0.667851,0.667851,0.383115
222,14.336,28,10,none,7.5,400,5560,13.9,362,328,0.906077,0.852083,0.82508,0.798269,0.768596,0.73338,0.683854,0.683854,0.683854,0.683854,0.38283
223,14.336,28,10,none,7.5,400,5120,12.8,379,312,0.823219,0.778016,0.753901,0.733273,0.709284,0.677089,0.632666,0.632666,0.632666,0.632666,0.382552
224,14.336,28,10,none,7.5,400,5356,13.39,370,326,0.881081,0.830748,0.794728,0.778689,0.753134,0.709405,0.668372,0.668372,0.668372,0.668372,0.382274
225,14.336,28,10,none,7.5,400,5524,13.81,368,324,0.880435,0.837302,0.815276,0.79825,0.778265,0.736834,0.690086,0.690086,0.690086,0.690086,0.381995
226,16.384,32,10,none,7.5,400,4603,11.5075,370,315,0.851351,0.751108,0.722883,0.690255,0.666433,0.624404,0.576278,0.576278,0.576278,0.576278,0.385909
227,21.504,42,10,none,7.5,400,4910,12.275,410,357,0.870732,0.781209,0.764622,0.734901,0.71097,0.668358,0.61948,0.61948,0.61948,0.61948,0.385534
228,19.968,39,10,none,7.5,400,5576,13.94,431,387,0.897912,0.865229,0.839692,0.827682,0.805482,0.764663,0.705518,0.705518,0.705518,0.705518,0.385163
229,19.968,39,10,none,7.5,400,5519,13.7975,468,429,0.916667,0.872507,0.839198,0.81928,0.793774,0.761877,0.701806,0.701806,0.701806,0.701806,0.384796
230,19.968,39,10,none,7.5,400,5306,13.265,508,453,0.891732,0.859165,0.80571,0.796802,0.76949,0.736741,0.679047,0.679047,0.679047,0.679047,0.384422
231,20.48,40,10,none,7.5,400,5491,13.7275,504,464,0.920635,0.880121,0.842033,0.831232,0.807124,0.767857,0.706019,0.706019,0.706019,0.706019,0.384028
232,20.48,40,10,none,7.5,400,5304,13.26,422,377,0.893365,0.852224,0.815064,0.803244,0.782249,0.745619,0.684177,0.684177,0.684177,0.684177,0.383639
233,20.48,40,10,none,7.5,400,5274,13.185,390,355,0.910256,0.844274,0.804348,0.795219,0.778141,0.738262,0.684949,0.684949,0.684949,0.684949,0.383245
234,20.48,40,10,none,7.5,400,5342,13.355,370,329,0.889189,0.868116,0.835662,0.805491,0.785427,0.745623,0.694408,0.694408,0.694408,0.694408,0.38286
235,20.48,40,10,none,7.5,400,5159,12.8975,338,308,0.911243,0.859318,0.810435,0.793136,0.767501,0.723494,0.67192,0.67192,0.67192,0.67192,0.382485
236,20.48,40,10,none,7.5,400,5217,13.0425,328,296,0.902439,0.839007,0.8125,0.792898,0.772828,0.733828,0.677403,0.677403,0.677403,0.677403,0.382105
237,20.48,40,10,none,7.5,400,5197,12.9925,382,352,0.921466,0.866966,0.834211,0.80273,0.772194,0.733597,0.668984,0.668984,0.668984,0.668984,0.381725
238,20.48,40,10,none,7.5,400,5266,13.165,390,357,0.915385,0.858563,0.83074,0.81051,0.779474,0.740781,0.677349,0.677349,0.677349,0.677349,0.381361
239,20.48,40,10,none,7.5,400,5552,13.88,400,380,0.95,0.912012,0.87776,0.862558,0.832837,0.787399,0.718111,0.718111,0.718111,0.718111,0.381021
240,18.944,37,10,none,7.5,400,4806,12.015,396,351,0.886364,0.836907,0.790182,0.764395,0.735731,0.692296,0.627694,0.627694,0.627694,0.627694,0.380685
241,17.92,35,10,none,7.5,400,4389,10.9725,356,301,0.845506,0.794852,0.736318,0.71087,0.673414,0.632634,0.582161,0.582161,0.582161,0.582161,0.384688
242,20.992,41,10,none,7.5,400,5343,13.3575,338,316,0.934911,0.881643,0.854357,0.847942,0.817762,0.770677,0.707582,0.707582,0.707582,0.707582,0.384339
243,19.968,39,10,none,7.5,400,4909,12.2725,375,334,0.890667,0.839138,0.812552,0.791968,0.756559,0.71307,0.653048,0.653048,0.653048,0.653048,0.383984
244,19.456,38,10,none,7.5,400,5036,12.59,384,351,0.914062,0.867673,0.833193,0.814231,0.779127,0.735299,0.675792,0.675792,0.675792,0.675792,0.383642
245,18.432,36,10,none,7.5,400,4710,11.775,376,322,0.856383,0.850467,0.802901,0.768529,0.740159,0.694347,0.636782,0.636782,0.636782,0.636782,0.383317
246,18.432,36,10,none,7.5,400,5105,12.7625,374,352,0.941176,0.906305,0.86786,0.840089,0.811529,0.760647,0.704891,0.704891,0.704891,0.704891,0.383008
247,18.432,36,10,none,7.5,400,4760,11.9,379,340,0.897098,0.873333,0.820714,0.799381,0.76983,0.718191,0.660923,0.660923,0.660923,0.660923,0.382687
248,18.432,36,10,none,7.5,400,4892,12.23,352,314,0.892045,0.876423,0.857402,0.828547,0.794118,0.7404,0.685939,0.685939,0.685939,0.685939,0.382373
249,18.432,36,10,none,7.5,400,4934,12.335,316,293,0.927215,0.876263,0.846432,0.821745,0.798846,0.751421,0.690316,0.690316,0.690316,0.690316,0.382061
250,18.432,36,10,none,7.5,400,4762,11.905,318,299,0.940252,0.873494,0.845878,0.812394,0.787562,0.73399,0.666433,0.666433,0.666433,0.666433,0.381759
251,17.92,35,10,none,7.5,400,4992,12.48,282,256,0.907801,0.892857,0.878578,0.842272,0.821369,0.765728,0.697652,0.697652,0.697652,0.697652,0.381485
252,17.92,35,10,none,7.5,400,4649,11.6225,282,267,0.946809,0.871212,0.831502,0.799002,0.773749,0.726908,0.654052,0.654052,0.654052,0.654052,0.381223
253,16.384,32,10,none,7.5,400,4894,12.235,294,271,0.921769,0.88961,0.861942,0.843567,0.821128,0.769825,0.702268,0.702268,0.702268,0.702268,0.380978
254,16.384,32,10,none,7.5,400,4590,11.475,287,264,0.919861,0.866475,0.820261,0.794221,0.773454,0.724435,0.658291,0.658291,0.658291,0.658291,0.380727
255,16.384,32,10,none,7.5,400,4961,12.4025,274,262,0.956204,0.907088,0.880779,0.857853,0.834556,0.782126,0.706553,0.706553,0.706553,0.706553,0.380499
256,16.384,32,10,none,7.5,400,3990,9.975,292,257,0.880137,0.772305,0.729367,0.710003,0.685938,0.639008,0.56644,0.56644,0.56644,0.56644,0.384391
257,19.456,38,10,none,7.5,400,4664,11.66,304,278,0.914474,0.905927,0.852404,0.82087,0.797095,0.74553,0.666524,0.666524,0.666524,0.666524,0.384042
258,18.432,36,10,none,7.5,400,4602,11.505,316,293,0.927215,0.857404,0.82426,0.805072,0.777073,0.732486,0.660253,0.660253,0.660253,0.660253,0.383681
259,16.896,33,10,none,7.5,400,4553,11.3825,303,273,0.90099,0.856498,0.821463,0.796465,0.773369,0.732726,0.655197,0.655197,0.655197,0.655197,0.383388
260,15.872,31,10,none,7.5,400,4727,11.8175,266,247,0.928571,0.889094,0.86217,0.843297,0.810714,0.759022,0.683198,0.683198,0.683198,0.683198,0.383106
261,14.336,28,10,none,7.5,400,4744,11.86,256,238,0.929688,0.880288,0.85451,0.839665,0.803901,0.760048,0.684621,0.684621,0.684621,0.684621,0.382846
262,14.336,28,10,none,7.5,400,4845,12.1125,260,254,0.976923,0.901724,0.863378,0.843056,0.810475,0.767961,0.701188,0.701188,0.701188,0.701188,0.382585
263,14.336,28,10,none,7.5,400,4852,12.13,255,240,0.941176,0.895763,0.865258,0.83705,0.816002,0.770862,0.69951,0.69951,0.69951,0.69951,0.38233
264,14.336,28,10,none,7.5,400,4748,11.87,232,222,0.956897,0.900974,0.862925,0.840558,0.81262,0.753701,0.681942,0.681942,0.681942,0.681942,0.382075
265,14.336,28,10,none,7.5,400,4831,12.0775,250,237,0.948,0.888329,0.850408,0.823072,0.804516,0.759734,0.693479,0.693479,0.693479,0.693479,0.381819
266,14.336,28,10,none,7.5,400,4702,11.755,242,231,0.954545,0.87372,0.830493,0.806595,0.785699,0.738682,0.672532,0.672532,0.672532,0.672532,0.381569
267,14.336,28,10,none,7.5,400,5000,12.5,236,224,0.949153,0.918874,0.893143,0.864666,0.8366,0.783392,0.711845,0.711845,0.711845,0.711845,0.381337
268,14.336,28,10,none,7.5,400,5151,12.8775,284,266,0.93662,0.910214,0.891399,0.877266,0.85672,0.812437,0.730769,0.730769,0.730769,0.730769,0.381096
269,13.824,27,10,none,7.5,400,4801,12.0025,226,217,0.960177,0.875392,0.840869,0.818049,0.794437,0.758702,0.682219,0.682219,0.682219,0.682219,0.380893
270,13.312,26,10,none,7.5,400,4594,11.485,254,236,0.929134,0.844037,0.807522,0.783476,0.767782,0.727397,0.656608,0.656608,0.656608,0.656608,0.380678
271,13.312,26,10,none,7.5,400,3978,9.945,292,262,0.89726,0.790505,0.742631,0.712555,0.678115,0.637534,0.573406,0.573406,0.573406,0.573406,0.384492
272,14.336,28,10,none,7.5,400,4663,11.6575,302,278,0.92053,0.862018,0.839861,0.814069,0.790614,0.748583,0.67566,0.67566,0.67566,0.67566,0.384135
273,14.848,29,10,none,7.5,400,4936,12.34,330,324,0.981818,0.897147,0.872103,0.852649,0.829446,0.790145,0.70819,0.70819,0.70819,0.70819,0.383828
274,14.336,28,10,none,7.5,400,4701,11.7525,314,284,0.904459,0.841481,0.815657,0.804778,0.785862,0.746097,0.664404,0.664404,0.664404,0.664404,0.383518
275,14.336,28,10,none,7.5,400,4811,12.0275,264,248,0.939394,0.881356,0.846751,0.828469,0.798739,0.749957,0.673721,0.673721,0.673721,0.673721,0.383209
276,14.336,28,10,none,7.5,400,4229,10.5725,278,257,0.92446,0.83234,0.780906,0.754324,0.718289,0.665753,0.590116,0.590116,0.590116,0.590116,0.3829
277,14.336,28,10,none,7.5,400,4813,12.0325,316,295,0.933544,0.87292,0.841694,0.815299,0.789396,0.744429,0.661215,0.661215,0.661215,0.661215,0.382593
278,14.336,28,10,none,7.5,400,4692,11.73,380,337,0.886842,0.811927,0.789686,0.777778,0.765396,0.724238,0.641334,0.641334,0.641334,0.641334,0.382293
279,14.336,28,10,none,7.5,400,4795,11.9875,392,366,0.933673,0.871662,0.819258,0.796912,0.778147,0.732814,0.663116,0.663116,0.663116,0.663116,0.381992
280,14.336,28,10,none,7.5,400,4806,12.015,396,366,0.924242,0.853028,0.807663,0.791408,0.77537,0.73854,0.66843,0.66843,0.66843,0.66843,0.381693
281,14.336,28,10,none,7.5,400,4848,12.12,356,334,0.938202,0.882062,0.836059,0.815871,0.797008,0.749875,0.680815,0.680815,0.680815,0.680815,0.381395
282,14.336,28,10,none,7.5,400,4804,12.01,290,271,0.934483,0.854896,0.816538,0.799396,0.784516,0.740076,0.672267,0.672267,0.672267,0.672267,0.3811
283,14.336,28,10,none,7.5,400,4972,12.43,264,256,0.969697,0.892229,0.841221,0.817327,0.796134,0.755534,0.694662,0.694662,0.694662,0.694662,0.380809
284,14.336,28,10,none,7.5,400,4979,12.4475,260,239,0.919231,0.875767,0.83819,0.819097,0.801189,0.76106,0.68833,0.68833,0.68833,0.68833,0.380519
285,14.336,28,10,none,7.5,400,5006,12.515,271,249,0.918819,0.873786,0.842718,0.816857,0.802161,0.759902,0.689024,0.689024,0.689024,0.689024,0.380229
286,15.36,30,10,none,7.5,400,4232,10.58,298,258,0.865772,0.787755,0.730441,0.712519,0.681021,0.640615,0.579726,0.579726,0.579726,0.579726,0.383761
287,21.504,42,10,none,7.5,400,5159,12.8975,356,341,0.957865,0.898074,0.853791,0.831661,0.802443,0.765612,0.697942,0.697942,0.697942,0.697942,0.383482
288,20.48,40,10,none,7.5,400,5135,12.8375,384,357,0.929688,0.883107,0.845578,0.818876,0.798331,0.759063,0.690012,0.690012,0.690012,0.690012,0.383175
289,19.456,38,10,none,7.5,400,5378,13.445,380,357,0.939474,0.894737,0.859528,0.836467,0.821568,0.786643,0.715731,0.715731,0.715731,0.715731,0.382909
290,18.432,36,10,none,7.5,400,5098,12.745,362,332,0.917127,0.890351,0.849371,0.822372,0.794986,0.742821,0.676447,0.676447,0.676447,0.676447,0.382643
291,18.432,36,10,none,7.5,400,5118,12.795,347,336,0.9683,0.886897,0.837107,0.814249,0.78646,0.73523,0.668846,0.668846,0.668846,0.668846,0.382391
292,18.944,37,10,none,7.5,400,4867,12.1675,393,362,0.92112,0.852901,0.809058,0.78169,0.751219,0.694203,0.631818,0.631818,0.631818,0.631818,0.382133
293,19.456,38,10,none,7.5,400,5178,12.945,420,392,0.933333,0.87982,0.840029,0.814396,0.791675,0.737267,0.667828,0.667828,0.667828,0.667828,0.381875
294,18.432,36,10,none,7.5,400,5333,13.3325,399,369,0.924812,0.871906,0.847398,0.8341,0.805339,0.75797,0.683064,0.683064,0.683064,0.683064,0.381621
295,18.944,37,10,none,7.5,400,5117,12.7925,428,387,0.904206,0.868371,0.836268,0.810569,0.777649,0.727301,0.651847,0.651847,0.651847,0.651847,0.381378
296,18.944,37,10,none,7.5,400,5144,12.86,392,351,0.895408,0.855989,0.816524,0.796606,0.769493,0.731246,0.657041,0.657041,0.657041,0.657041,0.381142
297,17.408,34,10,none,7.5,400,5017,12.5425,358,313,0.874302,0.823162,0.797861,0.775768,0.753281,0.717341,0.640659,0.640659,0.640659,0.640659,0.380944
298,14.848,29,10,none,7.5,400,4944,12.36,351,316,0.900285,0.835452,0.793176,0.782759,0.75465,0.705278,0.637606,0.637606,0.637606,0.637606,0.3808
299,14.336,28,10,none,7.5,400,5100,12.75,356,324,0.910112,0.851094,0.81397,0.797035,0.770756,0.728244,0.660192,0.660192,0.660192,0.660192,0.380649
300,14.848,29,10,none,7.5,400,5388,13.47,320,298,0.93125,0.889601,0.850342,0.832143,0.810831,0.767085,0.703975,0.703975,0.703975,0.703975,0.380501
301,15.36,30,10,none,7.5,400,4361,10.9025,320,279,0.871875,0.757888,0.720619,0.697237,0.665082,0.624694,0.576699,0.576699,0.576699,0.576699,0.383566
302,19.456,38,10,none,7.5,400,5430,13.575,282,255,0.904255,0.875768,0.843891,0.834118,0.812263,0.769289,0.721654,0.721654,0.721654,0.721654,0.383324
303,17.92,35,10,none,7.5,400,5215,13.0375,262,244,0.931298,0.865047,0.818653,0.802054,0.775591,0.738225,0.692573,0.692573,0.692573,0.692573,0.383068
304,17.92,35,10,none,7.5,400,5382,13.455,282,260,0.921986,0.888661,0.852081,0.829477,0.806504,0.766074,0.712262,0.712262,0.712262,0.712262,0.382826
305,17.408,34,10,none,7.5,400,5165,12.9125,306,282,0.921569,0.878445,0.845759,0.817739,0.787754,0.742457,0.685426,0.685426,0.685426,0.685426,0.382587
306,17.92,35,10,none,7.5,400,4877,12.1925,352,319,0.90625,0.839941,0.791553,0.763683,0.735063,0.696164,0.646856,0.646856,0.646856,0.646856,0.382333
307,16.896,33,10,none,7.5,400,5247,13.1175,333,311,0.933934,0.873089,0.851978,0.828302,0.800717,0.754706,0.700775,0.700775,0.700775,0.700775,0.382137
308,17.92,35,10,none,7.5,400,5317,13.2925,352,325,0.923295,0.874404,0.849598,0.834315,0.807963,0.7615,0.711971,0.711971,0.711971,0.711971,0.381933
309,15.36,30,10,none,7.5,400,5234,13.085,354,320,0.903955,0.857143,0.835719,0.820647,0.79788,0.755989,0.701851,0.701851,0.701851,0.701851,0.381738
310,16.384,32,10,none,7.5,400,4857,12.1425,358,326,0.910615,0.830128,0.806985,0.784563,0.751361,0.70915,0.65067,0.65067,0.65067,0.65067,0.381518
311,15.872,31,10,none,7.5,400,5294,13.235,342,323,0.944444,0.857484,0.840465,0.83012,0.814543,0.772629,0.715986,0.715986,0.715986,0.715986,0.381314
312,14.848,29,10,none,7.5,400,5191,12.9775,322,302,0.937888,0.871774,0.841306,0.826129,0.804685,0.756296,0.706259,0.706259,0.706259,0.706259,0.381132
313,14.336,28,10,none,7.5,400,5138,12.845,307,288,0.938111,0.896308,0.849887,0.828109,0.796585,0.750229,0.70765,0.70765,0.70765,0.70765,0.380963
314,14.336,28,10,none,7.5,400,4955,12.3875,341,315,0.923754,0.8776,0.827039,0.802981,0.776923,0.732088,0.694281,0.694281,0.694281,0.694281,0.380783
315,14.336,28,10,none,7.5,400,4994,12.485,334,307,0.919162,0.865132,0.83149,0.813873,0.789239,0.741592,0.705425,0.705425,0.705425,0.705425,0.380602
316,15.36,30,10,none,7.5,400,4548,11.37,314,262,0.834395,0.801575,0.763509,0.748891,0.720526,0.678739,0.640744,0.640744,0.640744,0.640744,0.383683
317,18.944,37,10,none,7.5,400,4932,12.33,370,337,0.910811,0.858006,0.823902,0.807664,0.785502,0.745348,0.698145,0.698145,0.698145,0.698145,0.383501
318,18.432,36,10,none,7.5,400,5176,12.94,342,314,0.918129,0.868107,0.851988,0.841602,0.822479,0.782769,0.725424,0.725424,0.725424,0.725424,0.383314
319,18.432,36,10,none,7.5,400,5312,13.28,334,308,0.922156,0.901042,0.88893,0.874937,0.849338,0.803417,0.747395,0.747395,0.747395,0.747395,0.383133
320,17.408,34,10,none,7.5,400,4989,12.4725,320,295,0.921875,0.868585,0.843318,0.822467,0.806341,0.764526,0.705832,0.705832,0.705832,0.705832,0.382965
321,16.384,32,10,none,7.5,400,4753,11.8825,300,276,0.92,0.862421,0.827363,0.803833,0.773952,0.72479,0.685624,0.685624,0.685624,0.685624,0.382825
322,16.384,32,10,none,7.5,400,4817,12.0425,334,296,0.886228,0.839934,0.814688,0.802675,0.7838,0.737801,0.693105,0.693105,0.693105,0.693105,0.382688
323,15.36,30,10,none,7.5,400,4854,12.135,358,330,0.921788,0.864466,0.848382,0.82863,0.803108,0.750244,0.694787,0.694787,0.694787,0.694787,0.382547
324,14.336,28,10,none,7.5,400,4986,12.465,338,320,0.946746,0.906306,0.851721,0.84481,0.821937,0.770336,0.714347,0.714347,0.714347,0.714347,0.382435
325,14.336,28,10,none,7.5,400,4925,12.3125,320,292,0.9125,0.870852,0.8426,0.825077,0.810832,0.765192,0.707328,0.707328,0.707328,0.707328,0.382323
326,13.824,27,10,none,7.5,400,4797,11.9925,318,302,0.949686,0.88582,0.841276,0.821594,0.800277,0.756693,0.690216,0.690216,0.690216,0.690216,0.382209
327,12.8,25,10,none,7.5,400,4687,11.7175,320,305,0.953125,0.880068,0.840048,0.811463,0.793021,0.742962,0.677116,0.677116,0.677116,0.677116,0.382142
328,11.776,23,10,none,7.5,400,4796,11.99,314,296,0.942675,0.855863,0.836098,0.820116,0.801748,0.755234,0.697962,0.697962,0.697962,0.697962,0.382087
329,11.776,23,10,none,7.5,400,5131,12.8275,291,285,0.979381,0.919485,0.909346,0.896063,0.871744,0.816249,0.757495,0.757495,0.757495,0.757495,0.382024
330,10.24,20,10,none,7.5,400,4948,12.37,288,261,0.90625,0.877583,0.86618,0.857592,0.835723,0.788102,0.734194,0.734194,0.734194,0.734194,0.382001
331,10.752,21,10,none,7.5,400,4273,10.6825,320,282,0.88125,0.806529,0.76779,0.752315,0.732054,0.685454,0.63918,0.63918,0.63918,0.63918,0.38526
332,22.016,43,10,none,7.5,400,4917,12.2925,331,309,0.933535,0.911717,0.880252,0.875034,0.844328,0.788397,0.740277,0.740277,0.740277,0.740277,0.385101
333,19.968,39,10,none,7.5,400,4853,12.1325,302,283,0.937086,0.905316,0.864341,0.847467,0.828271,0.78039,0.729762,0.729762,0.729762,0.729762,0.384906
334,19.456,38,10,none,7.5,400,4871,12.1775,248,236,0.951613,0.910084,0.870419,0.85853,0.835116,0.783151,0.726974,0.726974,0.726974,0.726974,0.384746
335,15.872,31,10,none,7.5,400,4857,12.1425,252,234,0.928571,0.896347,0.87511,0.859323,0.835605,0.787889,0.722553,0.722553,0.722553,0.722553,0.384619
336,15.36,30,10,none,7.5,400,4826,12.065,268,244,0.910448,0.89569,0.873214,0.851873,0.827746,0.781471,0.724474,0.724474,0.724474,0.724474,0.384516
337,14.336,28,10,none,7.5,400,4834,12.085,314,296,0.942675,0.903509,0.876882,0.858534,0.838783,0.786379,0.72327,0.72327,0.72327,0.72327,0.384413
338,14.848,29,10,none,7.5,400,4681,11.7025,344,323,0.938953,0.908752,0.874783,0.852305,0.821174,0.764938,0.698299,0.698299,0.698299,0.698299,0.384308
339,14.336,28,10,none,7.5,400,4541,11.3525,317,285,0.899054,0.871241,0.835155,0.819058,0.798722,0.740213,0.680204,0.680204,0.680204,0.680204,0.384203
340,14.336,28,10,none,7.5,400,4709,11.7725,306,286,0.934641,0.908046,0.864525,0.849057,0.828203,0.767159,0.705997,0.705997,0.705997,0.705997,0.384106
341,14.336,28,10,none,7.5,400,4766,11.915,324,303,0.935185,0.914449,0.879879,0.86568,0.843709,0.782548,0.712214,0.712214,0.712214,0.712214,0.384008
342,14.336,28,10,none,7.5,400,4850,12.125,316,309,0.977848,0.944551,0.911559,0.896341,0.871193,0.800592,0.73019,0.73019,0.73019,0.73019,0.383928
343,14.336,28,10,none,7.5,400,4647,11.6175,268,258,0.962687,0.939002,0.892558,0.865847,0.843945,0.770877,0.704153,0.704153,0.704153,0.704153,0.383841
344,12.8,25,10,none,7.5,400,4964,12.41,270,262,0.97037,0.929464,0.909858,0.900294,0.881122,0.823842,0.756942,0.756942,0.756942,0.756942,0.383783
345,12.288,24,10,none,7.5,400,4719,11.7975,248,237,0.955645,0.931777,0.893472,0.876937,0.861907,0.7972,0.717894,0.717894,0.717894,0.717894,0.383736
346,13.312,26,10,none,7.5,400,4394,10.985,252,236,0.936508,0.913043,0.864926,0.833526,0.802423,0.74583,0.677673,0.677673,0.677673,0.677673,0.386729
347,15.36,30,10,none,7.5,400,4621,11.5525,278,263,0.946043,0.916065,0.889086,0.868119,0.845521,0.792599,0.709306,0.709306,0.709306,0.709306,0.386514
348,18.432,36,10,none,7.5,400,4791,11.9775,298,292,0.979866,0.938884,0.913955,0.895894,0.875703,0.82468,0.74533,0.74533,0.74533,0.74533,0.386401
349,12.8,25,10,none,7.5,400,4754,11.885,328,315,0.960366,0.92328,0.899323,0.89152,0.867325,0.822059,0.740268,0.740268,0.740268,0.740268,0.386304
350,12.8,25,10,none,7.5,400,4752,11.88,320,310,0.96875,0.913763,0.887823,0.875,0.856438,0.813783,0.746191,0.746191,0.746191,0.746191,0.386221
351,10.752,21,10,none,7.5,400,5054,12.635,310,307,0.990323,0.954783,0.932612,0.922944,0.908935,0.867373,0.796594,0.796594,0.796594,0.796594,0.386143
352,10.24,20,10,none,7.5,400,4847,12.1175,334,325,0.973054,0.928829,0.908041,0.897814,0.87906,0.832122,0.772235,0.772235,0.772235,0.772235,0.386076
353,11.264,22,10,none,7.5,400,4902,12.255,328,316,0.963415,0.946789,0.923693,0.900451,0.884312,0.838102,0.779262,0.779262,0.779262,0.779262,0.385995
354,11.264,22,10,none,7.5,400,4986,12.465,320,317,0.990625,0.954626,0.938345,0.927775,0.908818,0.850089,0.788358,0.788358,0.788358,0.788358,0.385917
355,10.752,21,10,none,7.5,400,4809,12.0225,274,263,0.959854,0.932766,0.912752,0.898692,0.881783,0.81995,0.763781,0.763781,0.763781,0.763781,0.385843
356,10.752,21,10,none,7.5,400,4834,12.085,204,195,0.955882,0.917471,0.899749,0.888031,0.870278,0.819554,0.760069,0.760069,0.760069,0.760069,0.385783
357,10.24,20,10,none,7.5,400,4758,11.895,179,174,0.972067,0.916958,0.893311,0.878846,0.859914,0.806515,0.744328,0.744328,0.744328,0.744328,0.385726
358,10.24,20,10,none,7.5,400,4581,11.4525,174,160,0.91954,0.891169,0.871173,0.858255,0.834273,0.779878,0.710078,0.710078,0.710078,0.710078,0.385665
359,10.24,20,10,none,7.5,400,4747,11.8675,182,171,0.93956,0.915167,0.905759,0.885603,0.859049,0.803041,0.73211,0.73211,0.73211,0.73211,0.385602
360,10.24,20,10,none,7.5,400,4834,12.085,196,188,0.959184,0.925958,0.906169,0.89661,0.871232,0.816578,0.740349,0.740349,0.740349,0.740349,0.385538
361,13.824,27,10,none,7.5,400,4372,10.93,250,227,0.908,0.885147,0.856164,0.830236,0.799362,0.743238,0.665652,0.665652,0.665652,0.665652,0.388223
362,19.456,38,10,none,7.5,400,5038,12.595,246,239,0.971545,0.944915,0.926279,0.91313,0.89166,0.844628,0.769454,0.769454,0.769454,0.769454,0.38807
363,18.432,36,10,none,7.5,400,4721,11.8025,266,249,0.93609,0.896581,0.877425,0.859163,0.834519,0.784427,0.720984,0.720984,0.720984,0.720984,0.387901
364,17.408,34,10,none,7.5,400,4858,12.145,318,309,0.971698,0.917667,0.888741,0.876767,0.856965,0.806743,0.742661,0.742661,0.742661,0.742661,0.387821
365,16.384,32,10,none,7.5,400,4592,11.48,288,265,0.920139,0.894649,0.868258,0.84816,0.820819,0.765391,0.705485,0.705485,0.705485,0.705485,0.387733
366,14.848,29,10,none,7.5,400,4651,11.6275,308,284,0.922078,0.906822,0.884581,0.862069,0.8319,0.775217,0.714659,0.714659,0.714659,0.714659,0.387642
367,14.336,28,10,none,7.5,400,4828,12.07,341,319,0.935484,0.926768,0.899476,0.871031,0.844821,0.795384,0.734327,0.734327,0.734327,0.734327,0.387557
368,14.336,28,10,none,7.5,400,4714,11.785,356,343,0.963483,0.90757,0.868014,0.851799,0.823601,0.778142,0.716044,0.716044,0.716044,0.716044,0.387477
369,14.336,28,10,none,7.5,400,4785,11.9625,354,329,0.929379,0.908451,0.880811,0.860105,0.829104,0.7835,0.723163,0.723163,0.723163,0.723163,0.387389
370,14.336,28,10,none,7.5,400,4570,11.425,342,307,0.897661,0.865317,0.848244,0.821013,0.795798,0.742726,0.68831,0.68831,0.68831,0.68831,0.387304
371,14.336,28,10,none,7.5,400,4814,12.035,356,326,0.91573,0.892174,0.869379,0.854839,0.831254,0.780143,0.721007,0.721007,0.721007,0.721007,0.387222
372,13.312,26,10,none,7.5,400,4830,12.075,364,335,0.92033,0.908859,0.879154,0.862852,0.829518,0.782066,0.722405,0.722405,0.722405,0.722405,0.387149
373,12.288,24,10,none,7.5,400,5023,12.5575,357,342,0.957983,0.945804,0.91,0.890956,0.861436,0.810588,0.755342,0.755342,0.755342,0.755342,0.387088
374,12.288,24,10,none,7.5,400,4733,11.8325,338,318,0.940828,0.885362,0.851363,0.834664,0.812316,0.753739,0.706119,0.706119,0.706119,0.706119,0.387026
375,12.288,24,10,none,7.5,400,4935,12.3375,356,322,0.904494,0.90757,0.887543,0.876068,0.853238,0.786406,0.733502,0.733502,0.733502,0.733502,0.386964
376,15.872,31,10,none,7.5,400,4202,10.505,330,283,0.857576,0.797703,0.78185,0.757678,0.724906,0.669394,0.622038,0.622038,0.622038,0.622038,0.389888
377,20.992,41,10,none,7.5,400,4801,12.0025,330,291,0.881818,0.876138,0.867711,0.852676,0.831563,0.764253,0.705407,0.705407,0.705407,0.705407,0.389692
378,20.48,40,10,none,7.5,400,4858,12.145,302,291,0.963576,0.93416,0.90079,0.879112,0.856552,0.774339,0.714685,0.714685,0.714685,0.714685,0.389488
379,20.48,40,10,none,7.5,400,4773,11.9325,318,306,0.962264,0.911488,0.870469,0.848023,0.826948,0.758598,0.708346,0.708346,0.708346,0.708346,0.389291
380,19.968,39,10,none,7.5,400,4902,12.255,329,307,0.933131,0.919643,0.897019,0.881834,0.854419,0.780369,0.729927,0.729927,0.729927,0.729927,0.389095
381,18.432,36,10,none,7.5,400,4755,11.8875,280,264,0.942857,0.886322,0.858202,0.844649,0.82769,0.760304,0.710652,0.710652,0.710652,0.710652,0.388913
382,18.432,36,10,none,7.5,400,4524,11.31,288,268,0.930556,0.874101,0.841196,0.827336,0.793634,0.728745,0.675829,0.675829,0.675829,0.675829,0.388731
383,18.432,36,10,none,7.5,400,4637,11.5925,278,260,0.935252,0.882084,0.857076,0.83597,0.79925,0.745668,0.692147,0.692147,0.692147,0.692147,0.388553
384,18.432,36,10,none,7.5,400,4885,12.2125,270,244,0.903704,0.88657,0.875826,0.856637,0.827893,0.777458,0.722148,0.722148,0.722148,0.722148,0.388385
385,18.432,36,10,none,7.5,400,4847,12.1175,266,243,0.913534,0.906977,0.879902,0.846698,0.815168,0.767754,0.714054,0.714054,0.714054,0.714054,0.388221
386,17.408,34,10,none,7.5,400,4746,11.865,244,218,0.893443,0.902174,0.874875,0.843034,0.816331,0.757303,0.705742,0.705742,0.705742,0.705742,0.388068
387,18.432,36,10,none,7.5,400,4854,12.135,216,201,0.930556,0.892035,0.875,0.860885,0.837556,0.775362,0.719176,0.719176,0.719176,0.719176,0.387916
388,16.384,32,10,none,7.5,400,5088,12.72,223,219,0.982063,0.933697,0.911836,0.896274,0.867782,0.805816,0.758729,0.758729,0.758729,0.758729,0.387818
389,15.36,30,10,none,7.5,400,4925,12.3125,277,249,0.898917,0.919145,0.877398,0.864397,0.841545,0.788611,0.731649,0.731649,0.731649,0.731649,0.387743
390,11.776,23,10,none,7.5,400,4955,12.3875,314,304,0.968153,0.925551,0.89611,0.878302,0.85442,0.794711,0.737054,0.737054,0.737054,0.737054,0.387683
391,13.312,26,10,none,7.5,400,3997,9.9925,280,245,0.875,0.802727,0.766458,0.736191,0.706961,0.648142,0.590748,0.590748,0.590748,0.590748,0.390303
392,17.408,34,10,none,7.5,400,5023,12.5575,247,237,0.959514,0.923214,0.891117,0.872961,0.854283,0.815091,0.747767,0.747767,0.747767,0.747767,0.390183
393,15.36,30,10,none,7.5,400,4674,11.685,228,215,0.942982,0.835689,0.821787,0.822248,0.804472,0.765207,0.702556,0.702556,0.702556,0.702556,0.390038
394,14.848,29,10,none,7.5,400,4832,12.08,232,218,0.939655,0.922509,0.880682,0.873591,0.838993,0.803715,0.724029,0.724029,0.724029,0.724029,0.389872
395,14.336,28,10,none,7.5,400,4498,11.245,238,221,0.928571,0.86,0.817528,0.809888,0.782501,0.745673,0.677264,0.677264,0.677264,0.677264,0.389725
396,13.312,26,10,none,7.5,400,4619,11.5475,220,203,0.922727,0.87051,0.848687,0.837424,0.808205,0.760595,0.696531,0.696531,0.696531,0.696531,0.389582
397,14.336,28,10,none,7.5,400,4628,11.57,241,232,0.962656,0.901246,0.84574,0.834576,0.811055,0.759775,0.695999,0.695999,0.695999,0.695999,0.389434
398,14.336,28,10,none,7.5,400,4678,11.695,226,209,0.924779,0.873857,0.84235,0.829241,0.808939,0.763693,0.695982,0.695982,0.695982,0.695982,0.389276
399,14.336,28,10,none,7.5,400,4541,11.3525,232,214,0.922414,0.836538,0.813659,0.799405,0.787452,0.743773,0.68051,0.68051,0.68051,0.68051,0.389121
400,13.824,27,10,none,7.5,400,4679,11.6975,202,193,0.955446,0.887755,0.853638,0.84202,0.81991,0.770369,0.705155,0.705155,0.705155,0.705155,0.38897
